{"schemaVersion":"1.0","appDefinitionTemplate":{"id":"/providers/Microsoft.PowerApps/apps/","type":"Microsoft.PowerApps/apps","tags":{"primaryDeviceWidth":"1366","primaryDeviceHeight":"768","supportsPortrait":"true","supportsLandscape":"true","primaryFormFactor":"Tablet","publisherVersion":"3.22111.19","minimumRequiredApiVersion":"2.2.0","hasComponent":"false","hasUnlockedComponent":"false","isUnifiedRootApp":"false","sienaVersion":"20221127T215741Z-3.22111.19.0"},"properties":{"appVersion":"2022-11-27T21:57:41Z","lifeCycleId":"Published","createdByClientVersion":{"major":3,"minor":22111,"build":19,"revision":0,"majorRevision":0,"minorRevision":0},"minClientVersion":{"major":3,"minor":22111,"build":19,"revision":0,"majorRevision":0,"minorRevision":0},"backgroundColor":"rgba(109, 49, 162, 1)","backgroundImageUri":"/1045608355116576819/Nd74100f9-60bf-476f-b385-c80e3a6d931b-logoSmallFile","displayName":"Adventcalendar","description":"Power Apps Adventcalendar","commitMessage":"","appUris":{"documentUri":{"value":"/1045608355116576819/N9c1890d0-6d00-4ee9-b353-0d96668100fe-document.msapp"},"imageUris":[],"additionalUris":[]},"createdTime":"0001-01-01T00:00:00Z","lastModifiedTime":"0001-01-01T00:00:00Z","sharedGroupsCount":0,"sharedUsersCount":0,"icons":{"smallIconUri":"/1045608355116576819/Ne266eb17-999a-42de-abaf-4a043dd94f1a-small.png","mediumIconUri":"/1045608355116576819/Ne5444b76-4e94-42cb-94dd-d469b9f00c52-medium.png","largeIconUri":"/1045608355116576819/Ncf2cf152-3bf6-4839-bee6-40ce4c86de41-large.png","wideIconUri":"/1045608355116576819/N3ad8dde9-091b-4658-a737-1c753cb179be-wide.png"},"connectionReferences":{"404108fe-35d9-4df1-93d5-1cbb026428e1":{"id":"de637ada-eb99-41c3-bb8a-25b1ca73d976","displayName":"Office 365 Users","iconUri":"https://connectoricons-prod.azureedge.net/releases/v1.0.1593/1.0.1593.2980/office365users/icon.png","dataSources":["Office365Users"],"dependencies":[],"dependents":[],"parameterHints":{},"parameterHintsV2":{},"isOnPremiseConnection":false,"bypassConsent":false,"dataSets":{},"apiTier":"Standard","isCustomApiConnection":false,"actions":["MyProfile"]},"9b7902bd-c069-4f6c-a745-6bbd4a9e8f10":{"id":"7d031160-c830-40e0-b58b-bcd2b979d36d","displayName":"SharePoint","iconUri":"https://connectoricons-prod.azureedge.net/releases/v1.0.1610-greyhound-localization-RelayFix/1.0.1610.3091/sharepointonline/icon.png","dataSources":["adventcalendar","adventcalendardoors"],"dependencies":[],"dependents":[],"parameterHints":{},"parameterHintsV2":{},"isOnPremiseConnection":false,"bypassConsent":false,"dataSets":{"https://tpe5.sharepoint.com/sites/PowerAppDemo":{"dataSources":{"adventcalendar":{"tableName":"ef876a05-4330-4813-aae2-795e797c8259"},"adventcalendardoors":{"tableName":"7e7fa903-99b2-4451-ab05-d98c3ac37db3"}}}},"apiTier":"Standard","isCustomApiConnection":false,"actions":["providers/PowerPlatform.Governance/Operations/Read"]}},"databaseReferences":{},"almMode":"Environment","performanceOptimizationEnabled":true,"canConsumeAppPass":true,"enableModernRuntimeMode":false,"executionRestrictions":{"isTeamsOnly":false,"dataLossPreventionEvaluationResult":{"status":"Compliant","lastEvaluationDate":"2022-11-06T20:36:50.5862154Z","violations":[],"violationsByPolicy":[],"violationErrorMessage":"The app uses the following connectors: ."}}},"appType":"ClassicCanvasApp","appComponents":[]}}